selector,episodes,avg_sr,avg_spl,avg_steps,avg_steps_per_sec,avg_gpu_mem_used_mib,max_gpu_mem_used_mib,wall_time_sec,success_count
recent_k,50,0.18,0.022534310070694112,505.92,10.352893230140205,22949.42,24081,2545.7964589595795,9
uniform_k,50,0.18,0.022534310070694112,505.92,10.003681018224768,22949.42,24081,2690.3632094860077,9
scm,50,0.18,0.022534310070694112,505.92,11.418852226658212,22801.1,24081,2315.5147635936737,9
